502,1098,666,559,478,490,489,639,488,486,502,1116,1010,474,372,390,334,493,851,578,696,716,526,585,480,499,472,487,562,506,736,734,586,1363,2140,2576,1197,550,481,772,459,641,389,965,754,1005,813,720,317,624,480,519,486,512,562,337,509,441,492,707,622,528,656,647,641,872,633,1474,554,445,883,427,508,723,990,724,713,658,609,605,1115,538,517
1831.0,4999.0,2429.0,2017.0,1741.0,1731.0,1416.0,2562.0,2031.0,1953.0,1370.0,5668.0,4586.0,1389.0,989.0,1386.0,1288.0,1898.0,3699.0,1919.0,3500.0,4351.0,5552.0,3517.0,1486.0,1728.0,2096.0,2712.0,2314.0,1989.0,3183.0,2321.0,1551.0,3971.0,9552.0,7778.0,3731.0,1572.0,1273.0,2330.9803921568628,3040.0,2278.0,987.0,2089.0,1692.0,2886.0,1766.0,1839.0,540.0,1612.0,2514.0,1541.0,1416.0,3438.325490196078,2481.0,985.0,1363.0,1151.0,1121.0,2684.0,1732.0,1334.0,1791.0,1990.0,2278.0,2818.0,2369.0,4987.0,1896.0,1321.0,4018.0,2152.0,2069.0,2326.0,3260.0,2799.0,3953.0,2160.0,1523.0,2642.0,2920.0,1676.0,2215.0
381.9218167287362,454.37144648293685,313.555907528802,510.91579115688666,565.1952829426112,348.42591052012466,375.45289949909784,614.9687487913316,578.7344729549067,538.8684519607621,437.2922228281849,457.56622350570575,626.6719252768004,201.0065766907541,412.82864079033345,450.5653567486923,284.4655662788276,568.3959103829396,320.61720003981156,527.9281315278663,521.8624379218428,500.0856311742847,567.7862120569819,494.58776057461074,360.319145164636,428.9777224418545,523.2912884827654,532.2244952913893,506.8155164161094,534.3024382293509,272.2338886911407,173.12950948679782,279.8470287282458,344.6169631886025,507.15718839433976,540.7081492212563,411.3594094573773,297.8191426577898,531.8733813908902,347.29295792604444,475.681455411679,352.85271868924326,191.77012729144636,308.5924090126046,184.01567288316534,320.6501302800591,164.12284548107002,315.6833557768407,172.9933804206586,193.17402301102896,572.4926413499327,184.03608243364235,392.071760954409,565.8503808788479,288.63576833685784,358.91632269566344,227.23717359937865,267.53879333263995,514.0130882354043,313.76432038611375,539.3156205925221,315.7845561056584,505.9540117602681,390.0592248133559,352.85271868924326,290.2773540906092,562.0253637295112,286.7173397093097,603.3221938830246,367.0146862764738,565.874877328992,500.38628659908784,416.76187763826675,542.9913788634785,543.8102885425732,524.9965564352887,545.4366769234914,367.82814605077226,227.31641941154686,600.6942373348612,280.8312586273449,308.3310272515666,487.36650948204726
281.2511856570055,328.1168732716374,228.6912937358881,92.17933990578454,565.1952829426112,275.7759620600875,110.73092663975164,204.98958293044385,578.7344729549067,538.8684519607621,68.99167278230225,142.18716528744508,255.54997284031435,58.091269167033865,412.82864079033345,450.5653567486923,119.5559945058933,568.3959103829396,112.60344677421534,527.9281315278663,521.8624379218428,500.0856311742847,567.7862120569819,166.71158751228768,256.48642659886684,168.8619330988878,523.2912884827654,532.2244952913893,506.8155164161094,534.3024382293509,169.57917564301235,43.64291328052714,69.11733962237057,60.106371756488755,161.86087162177995,62.11661730766542,94.97063917218016,62.36781870688906,531.8733813908902,63.31467411750768,475.681455411679,130.6227244489654,40.11225101399249,31.284084719331513,23.432919348430584,43.14683442374393,31.317709019012053,31.625196073269326,18.693781027964473,33.35954211557765,572.4926413499327,43.47421676346301,182.30259803570326,282.92519043942394,268.5798264825928,186.50838900342623,65.20673606791132,47.73540059486165,182.84863414284925,86.52070016546675,98.80234959395175,84.88418300868989,115.98924859331235,167.46067507583524,130.6227244489654,130.58771750969436,196.02979470238748,53.76269728740659,207.74661610620686,91.6795437611884,339.1093198962271,500.38628659908784,268.72038080719324,50.42713050129612,121.97020417334413,524.9965564352887,79.13215843331366,72.56448474444969,39.45597327886258,250.48113282186455,16.684579301781103,178.4706797485336,274.12354095055224
1.3020833333333334e-05,1.3020833333333334e-05,1.3020833333333334e-05,4.557291666666667e-05,6.510416666666667e-06,1.3020833333333334e-05,3.255208333333333e-05,1.953125e-05,6.510416666666667e-06,6.510416666666667e-06,5.208333333333334e-05,3.90625e-05,2.604166666666667e-05,5.859375e-05,6.510416666666667e-06,6.510416666666667e-06,1.953125e-05,6.510416666666667e-06,3.90625e-05,6.510416666666667e-06,6.510416666666667e-06,6.510416666666667e-06,6.510416666666667e-06,1.953125e-05,1.3020833333333334e-05,1.953125e-05,6.510416666666667e-06,6.510416666666667e-06,6.510416666666667e-06,6.510416666666667e-06,1.953125e-05,0.00010416666666666667,5.859375e-05,7.8125e-05,2.604166666666667e-05,0.00020833333333333335,5.208333333333334e-05,5.859375e-05,6.510416666666667e-06,8.463541666666667e-05,6.510416666666667e-06,2.604166666666667e-05,6.510416666666667e-05,0.00022786458333333334,0.00021484375,0.00011067708333333333,0.00017578125,0.00013671875,0.00012369791666666668,0.00012369791666666668,6.510416666666667e-06,8.463541666666667e-05,1.953125e-05,1.3020833333333334e-05,1.3020833333333334e-05,1.3020833333333334e-05,5.859375e-05,7.161458333333333e-05,1.953125e-05,5.859375e-05,4.557291666666667e-05,4.557291666666667e-05,3.90625e-05,2.604166666666667e-05,2.604166666666667e-05,2.604166666666667e-05,1.953125e-05,0.00014322916666666667,1.953125e-05,3.255208333333333e-05,1.3020833333333334e-05,6.510416666666667e-06,1.3020833333333334e-05,8.463541666666667e-05,4.557291666666667e-05,6.510416666666667e-06,4.557291666666667e-05,6.510416666666667e-05,5.859375e-05,1.953125e-05,0.0004752604166666667,1.953125e-05,1.3020833333333334e-05
69.45691906005223,68.0199999999999,30.37665782493376,134.58156028368805,165.62500000000003,120.98701298701299,78.06994818652834,125.52547770700635,114.44488188976379,73.27147766323029,73.78281622911685,112.98318240620942,95.62079062957521,93.75000000000007,82.9285714285715,85.82456140350868,1.5421303656597727,35.13333333333335,39.968713789107845,28.587136929460723,46.391764705882366,79.08260869565214,67.39830508474572,64.60490463215254,44.319767441860414,102.60411899313505,82.27083333333327,126.43661971830984,97.84139264990341,133.743661971831,87.91098484848445,33.17121046892042,42.88235294117647,81.4725884802221,116.70239234449761,96.49315714959876,27.884201077199332,55.0000000000001,57.342205323193944,77.50912408759125,120.2642857142857,30.736969696969734,44.311728395061685,31.887622149837107,26.47885402455662,56.957035445757384,37.019021739130466,65.85436893203895,18.82142857142857,60.32474226804131,154.8235294117647,91.64107883817447,19.333333333333304,194.54918032786887,118.92349726775957,34.99528301886794,1.9329073482428072,38.86956521739123,114.01257861635223,63.85251798561175,23.930303030302994,60.137711864406775,27.088657105606284,30.94967532467533,30.736969696969734,55.27281191806352,186.75909090909087,114.89643036701999,15.10681818181817,113.94444444444441,63.330300272975414,2.9251592356687985,61.56213017751486,25.540229885057457,102.10500000000003,26.466965285554334,107.26905417814524,28.229268292682963,17.519855595667938,44.042735042735124,30.008301886792477,29.398963730569868,22.788571428571416
0.9461036649774385,1.1602163242702501,1.0274832260673523,0.9801121187295387,0.9239303348395475,0.9272068249792429,0.9160297250211292,1.0172395011325899,0.9426558379474403,0.9275924879391751,0.9022321591702012,1.1344764486735284,1.1073759780135908,0.8911385495621761,0.8238726306951418,0.8644804758733429,0.8056665592144877,0.9201888872617495,1.0903984042949544,0.9509650217447131,1.04167170824024,1.0252784582876266,1.003632905734403,1.0125543176688203,0.8754724495906737,0.8991801686873865,0.9410321076191556,0.9434789236457178,0.9708029917107327,0.9473539475099177,1.0465350541959038,1.0197740598543998,0.9114050427227942,1.1757737162537367,1.3084366018662061,1.3343163008774457,1.1253862599283413,0.9036516806834674,0.9017986364755081,1.0077168085746007,0.9621171381284862,0.972873449422178,0.8282736055912422,1.0426546698455597,1.0326143281531555,1.0815257903136137,1.0153803679230726,0.985514605111991,0.7335198605543505,0.9853755358163234,0.9335095778948036,0.9328048422182484,0.8556323092559228,0.9560946856751451,0.9684924727098873,0.7846363207240645,0.9097641871165801,0.8322475344817158,0.8366662169458977,1.029967495080184,0.9742948464342778,0.9260291860510026,0.9630224336177124,0.9857178389929354,0.972873449422178,1.0588787377935922,0.9974873595422111,1.2051671245051965,0.9519436747174567,0.8977675988205984,1.0987230386850568,0.942124949773401,0.9703709967696023,1.016893419871368,1.083853671014763,1.0247670692461874,1.0706867854033928,0.9828750517412754,0.9657331095889359,0.9946989077079348,1.121239288237877,0.940376738582039,0.9325264903918145
27.001322571534292,80.08779332274345,124.78945383756067,18.056755507372692,17.92836716759148,11.7401742995228,13.970342035264029,46.544751391340306,27.99517610658332,24.082153690293957,9.59790998903305,22.695941518948032,22.47243663385813,5.861453875168173,8.587160798753114,35.19369145010684,9.444326466628986,55.88650484413111,21.274521636121204,57.81154339913588,203.16824476739134,222.04668854480116,136.12470414153967,53.77710276561084,29.954108506592263,16.295575235435265,29.989675947657787,38.348962920193415,62.65955789708149,39.77881647858742,86.95975442523722,10.429766519254784,6.411892172759769,21.678687640876827,64.49575335149403,9.856275815614113,25.14864152284245,6.671959703538983,13.485952126846998,7.2105347845316805,28.889656907785675,44.659942160466386,3.7648551004153346,3.3721312857905947,2.957632271356455,12.295325541691868,5.226561945666488,5.32747604709428,1.8301890544859774,6.243670032113395,29.040490117861523,8.307597035319718,5.780693601431927,10.32785048418071,23.460735779711094,11.570077836831498,11.13628742298247,4.489928393063836,12.922913057733153,14.916564466450986,18.673446930779544,13.057446756008884,12.490108145101807,25.15438254831197,44.659942160466386,58.84054903552715,13.226807658917439,14.085142857170156,11.4554835888368,11.343205644784238,81.50384240823755,43.55274350622258,26.439219007923796,13.043340157816525,31.393320699952763,199.8304177126498,44.65093848304681,11.92349198277246,22.08970399846656,19.49346628768939,2.19799366326742,28.155196662278115,45.49804974255328
60,185,297,121,22,29,60,126,33,40,60,116,122,14,16,38,251,120,167,130,276,237,194,232,45,46,48,49,104,46,285,135,32,216,243,116,249,56,33,36,37,259,51,39,35,137,92,73,28,52,33,53,42,28,30,45,136,38,38,253,142,96,158,80,259,320,38,176,153,39,253,315,102,221,255,315,298,111,254,96,109,68,155
42.0,103.5,158.0,26.142857142857142,22.0,26.5,23.6,42.666666666666664,33.0,40.0,13.625,31.833333333333332,50.5,7.666666666666667,16.0,38.0,106.0,120.0,52.5,130.0,276.0,237.0,194.0,79.33333333333333,42.0,27.333333333333332,48.0,49.0,104.0,46.0,146.66666666666666,24.3125,10.444444444444445,34.5,84.25,16.71875,45.25,14.555555555555555,33.0,9.076923076923077,37.0,87.5,8.7,7.2,8.06060606060606,16.529411764705884,11.518518518518519,11.238095238095237,3.736842105263158,11.157894736842104,33.0,13.692307692307692,19.333333333333332,14.5,25.5,25.5,34.666666666666664,10.363636363636363,14.333333333333334,57.55555555555556,38.714285714285715,29.571428571428573,52.333333333333336,42.75,87.5,91.75,17.0,34.13636363636363,54.333333333333336,13.4,171.0,315.0,67.5,20.153846153846153,74.0,315.0,44.142857142857146,32.5,39.44444444444444,66.33333333333333,8.465753424657533,42.0,103.0
26.082644544928982,47.268725076751366,32.46216694939119,8.300887712299172,46.10385368138153,24.221006434957403,11.132978593959027,19.716968306244876,43.78003806463948,44.984820685436105,7.057898715899464,13.647792775724463,21.16092138154684,5.557636125270758,41.10737980120232,39.62235954869507,10.289974161981993,45.97815910921735,13.312355644826264,63.222661388629156,57.64780599715091,44.632155606888084,23.0122323510526,13.674065924540182,25.900769288188055,16.73534481821557,41.1712721009476,34.13372990429612,52.1244904438635,50.65294383189476,21.397832116849482,4.948074963868805,7.209966597964865,11.731367664788998,41.17563867345764,8.116243529040856,14.481637080316448,6.276443359503093,56.71473557715992,6.24045571615717,29.825716201602923,16.22292189741708,4.199539770522796,3.000968454339524,2.5111131150348887,6.129405546150797,3.4081461083217928,3.676166729285282,1.804759423921625,3.7361372891271527,36.921539438636955,4.191124355931038,16.352193828688282,13.683861241701955,21.968645537842605,18.535804101181977,6.649053324414612,4.695995571605713,18.50172536491226,8.22967735274582,9.448236548750714,8.492844103301048,12.32383802029364,18.31172799936624,16.22292189741708,21.44751132033165,18.6359522495473,6.843344470099927,18.569776575485104,9.570214882458986,35.49674523697171,39.69544650058614,22.994393207495456,5.854457127473209,15.13786766640265,75.52271742437978,8.08706555809884,7.313079426081083,7.2780983602612475,19.195057590715763,1.4733844767870368,18.982976653009448,22.827554220780005
0.021325196342343755,-1.4911981061215402,-0.016490923601152674,-0.32478089460310944,1.566593924917467,-0.04780284400855728,-0.24492270832430774,-0.033059630466860224,-1.5367497468055729,-1.5237297677867738,-0.3084302062229359,0.07628837775353854,1.3199557658085344,-0.32180069946948664,1.5547599930363316,1.5159116369384706,0.04206200684537986,-1.2794621622978333,0.34985003230874073,-1.2644103214364681,1.1066420030704416,1.341925345201114,1.3006605270443432,-0.6215053049395008,1.449828921823002,-0.4385593943335679,1.5096428410471856,1.5413837003284663,-1.5509664650781971,-1.5592934898016435,-0.004108828829615089,-0.07488969017417149,-0.10249258911581036,-0.31836023248017026,0.10169740348395662,0.1253882764791887,0.41937030135529973,0.7036189644738652,1.5186028946461403,-0.0872226647968517,1.5442020307108197,0.22542502725326097,0.19823693791745373,0.3561856096309976,-0.49555212497374224,-0.055871802367801836,-0.24410387518730103,-0.2805978591334838,0.2187242423782656,0.1782019176229573,1.5637914010437193,-0.37555022700950513,-0.46602448467483804,-1.1751855046635113,-1.534180896025374,-1.3241321455396458,0.995226756462345,0.26694437652206554,0.3869266731254255,-0.3481600301961503,-0.5734155617111829,0.521370073551702,-0.016704529822020902,1.2415412095138827,0.22542502725326097,0.31800922700524864,-1.2021682510212166,-0.032180249875288024,-0.17891808707394988,0.3182967950830561,0.6014385779939786,-0.7808962715179213,0.0010638752792778705,0.0983610815815139,-0.4047023736332978,1.2045116752663432,-0.12304488183139421,-0.2719723959939813,0.2483494106558704,0.86278117576706,-0.13901619664445292,-1.1500726892265765,0.866550353662914
514970.9209379771,1640256.2494849155,555491.1524844723,185925.72858996742,984004.9876030862,477368.1903260115,156794.99212188832,525183.3114677971,1175409.7145714154,1052410.0866793683,94518.59171175408,805916.8528492388,1171952.1754456817,80688.77287301004,408287.5257416398,624483.5844536875,153988.12092359056,1078815.4379068194,416520.14961782255,1013094.0844019754,1826518.53272645,2175872.581239313,3152349.049340363,586324.6532807158,381138.8299259161,291793.4203948781,1096818.5406598763,1443392.8312302479,1172771.1049868772,1062727.549638179,539770.5160717083,101295.20172410349,107200.99375429675,238682.40224501686,1546095.045731242,483143.04941902164,354335.4547514042,98042.2110072296,677074.8145106033,147585.263903712,1446071.624451504,297558.5662947432,39590.79175081059,65352.452978683534,39648.49953754455,124521.764146925,55307.07412757529,58158.73557874229,10094.641755100816,53775.58189031118,1439246.5003537307,66993.7680324965,258140.4788185558,972788.8941064511,666346.5495033128,183710.76316837483,88876.78126056313,54943.44608468576,204973.318874134,232221.55924411275,171125.6694967244,113235.50013359232,207736.74423062243,333246.74340091215,297558.5662947432,367996.1879423187,464394.5836499559,268114.57137229666,393887.5841373682,121108.67730852988,1362541.2473430403,1076831.288761237,555982.4678900829,117293.50554601477,397622.86560510186,1469465.361462373,312809.42228688893,156739.28704801132,60091.44730370771,661771.1529153661,48718.97156120082,299116.8592585423,607183.6432054732
0.2741671217913708,0.21964392878575714,0.2741869081926719,0.2771442736737729,0.2745548535324526,0.2830733679953784,0.3453389830508475,0.24941451990632318,0.24027572624322993,0.2488479262672811,0.36642335766423356,0.19689484827099507,0.22023549934583514,0.3412526997840173,0.37613751263902934,0.2813852813852814,0.2593167701863354,0.25974710221285563,0.23006217896728845,0.30119854090672227,0.19885714285714284,0.1645598712939554,0.09474063400576369,0.1663349445550185,0.32301480484522205,0.28877314814814814,0.22519083969465647,0.17957227138643067,0.2428694900605013,0.25439919557566615,0.23122840087967325,0.3162429987074537,0.3778207607994842,0.343238478972551,0.22403685092127304,0.33119053741321675,0.32082551594746717,0.34987277353689566,0.377847604084839,0.33119111709286675,0.15098684210526317,0.28138718173836696,0.3941236068895643,0.4619435136428913,0.44562647754137114,0.3482328482328482,0.4603624009060023,0.3915171288743883,0.587037037037037,0.3870967741935484,0.1909307875894988,0.33679428942245293,0.3432203389830508,0.14890969498376433,0.22652156388553002,0.34213197969543147,0.3734409391049156,0.3831450912250217,0.43889384478144516,0.26341281669150524,0.35912240184757505,0.39580209895052476,0.36627582356225574,0.3251256281407035,0.28138718173836696,0.3094393186657204,0.2672013507809202,0.2955684780429116,0.2921940928270042,0.3368660105980318,0.219761075161772,0.19842007434944237,0.24552924117931368,0.3108340498710232,0.30368098159509205,0.2586638085030368,0.18036933974196812,0.30462962962962964,0.39986868023637556,0.22899318697956095,0.3818493150684932,0.32100238663484487,0.23340857787810385
0.35793851263795773,0.3847853722133251,0.3710880830073166,4.542628008391987,0.0,0.26343829214602754,2.3906778430617126,2.0000000000000004,0.0,0.0,5.3383333842045815,2.2180557406900365,1.4522480605716566,2.460185662543986,0.0,0.0,1.3793500899263182,0.0,1.8473124866478647,0.0,0.0,0.0,0.0,1.966726956146084,0.4048273428837574,1.5404051379101495,0.0,0.0,0.0,0.0,0.605349758653331,2.966955834821545,3.048868637844248,4.733451431484875,2.1332908522784506,7.704726249710493,3.331437726891463,3.7752053676504986,0.0,4.485189061883073,0.0,1.7013118902377786,3.7808368377169987,8.864198098847197,6.8528701501927785,6.431602678680029,4.240576358297342,8.98202050812475,8.254060490056757,4.790667699867018,0.0,3.2332236469021702,1.1506646925438948,1.0,0.07467404427549176,0.9243977421791467,2.484872688041253,4.604620260826688,1.8111398843364346,2.6264653405029588,4.458530316424142,2.7201813684574243,3.362076812259305,1.3292586431812485,1.7013118902377786,1.2228534170455967,1.8670405158704493,4.3330162766307225,1.9041252521513354,3.0032342136484944,0.6687093044277252,0.0,0.5509127978547084,9.7678421013768,3.458550284704858,0.0,5.892730941784463,4.068983089264018,4.761267572971649,1.3981616122842226,15.831785419807721,0.7276284692029363,0.777908266440936
0.3579385126379576,0.38478537221332515,0.37108808300731666,1.8835517853769734,0.0,0.26343829214602743,1.277863161928256,1.4142135623730951,0.0,0.0,2.023747391484303,1.094169300446003,0.9463972097630448,1.2018797376341623,0.0,0.0,0.991495736625363,0.0,0.9975751980302052,0.0,0.0,0.0,0.0,1.3907523057409268,0.4048273428837574,1.1052730736458563,0.0,0.0,0.0,0.0,0.6176311772097576,1.361601774091221,1.2420314746572012,1.6114315861853679,1.2368567075855172,1.9719050464229486,1.5571707621050435,1.6151917729035075,0.0,1.574242667031512,0.0,0.9884154983727609,1.5175433681304062,1.7629560186442195,1.8440332771991066,1.8483515835760465,1.3815453511230662,2.219659141713142,2.0349365920872207,1.6520567842730087,0.0,1.5034438136416521,0.8809718258954358,1.0,0.07467404427549186,0.9243977421791467,1.294143207891612,1.6265929178011365,1.2815294020467092,1.3616565272370948,1.8234716227198164,1.2766856955695707,1.52509385567687,0.7806161310776611,0.9884154983727609,0.7903764929351138,1.3202920491800754,1.5441513335458006,1.3469886719961806,1.508653274127416,0.6687093044277252,0.0,0.5509127978547084,2.8451382564186427,1.4341215072295483,0.0,2.405858972848741,1.5977767346213274,1.7154638758571148,1.0063293014876977,2.8992347662268108,0.7311245767043498,0.777908266440936
68.7230258987105,-0.02886068679440208,-85.65923901761356,-3.8006652508884513,0.0,-30.96944130619702,-4.865131494878227,-32.183280385812594,-0.0,-0.0,-3.947612132893894,17.06638307133403,0.20785135477028718,-3.918555244073515,0.0,0.0,4.585267421518445,-0.0,2.833911826554823,-0.0,0.0,0.0,0.0,-0.9859596994351872,0.03524969151059506,-2.399496310802377,0.0,0.0,-0.0,-0.0,-153.7642166863661,-13.268861551742216,-13.323497225524177,-2.7319913968624503,9.920168934138237,8.52616001981039,2.0979919777194698,1.448811973889807,0.0,-14.645166246334897,0.0,4.517219505514393,6.352316900797501,3.692342169842638,-1.5988471569364588,-17.92691811375831,-4.725467861062777,-3.118273671265807,6.16401205984804,6.497437802621715,0.0,-2.772875869634458,-3.0906443167881563,-0.33168154280261486,-0.01598227430403386,-0.09231959907986517,0.3174514548720925,4.184362574703667,3.5702515141789664,-2.1006461251387716,-0.6635522653132185,1.9535593255092198,-39.54642621916525,0.17273715997263578,4.517219505514393,3.9348019739356723,-0.387025503918067,-24.597831317917255,-5.854721846704171,3.85993656457562,1.378894867929236,-0.0,1168.83196837793,10.439369483285077,-1.3556024956650186,0.0,-7.0641276385618745,-2.8845520419224906,3.3671336216326835,0.49154295627762196,-6.192370315034555,-0.22466516436955541,0.45229761872334556
0.6789692563189789,0.6923926861066626,0.6855440415036583,0.7918040011988554,1.0,0.6317191460730137,0.6781355686123425,1.0,1.0,1.0,0.7922916730255727,0.5363426234483395,0.6130620151429141,0.3844650736159984,1.0,1.0,0.793116696642106,1.0,0.4745520811079775,1.0,1.0,1.0,1.0,0.988908985382028,0.7024136714418787,0.8468017126367166,1.0,1.0,1.0,1.0,0.5351165862177769,0.24793473967634655,0.4498742930938054,0.4777876192904062,0.7833227130696127,0.2720226953034529,0.5414297158614328,0.5305783741833887,1.0,0.42193762014485175,1.0,0.6753279725594447,0.4780836837716999,0.28183423139563424,0.2379657621270539,0.43715309874588404,0.19409542067767932,0.47533430991070236,0.4870558152661451,0.30477198420352725,1.0,0.3256325882232438,0.7168882308479649,1.0,0.5373370221377459,0.9621988710895734,0.38720807644902805,0.5095109328024262,0.937046628112145,0.40294059338921756,0.7797900452034489,0.5314544812082035,0.7270128020432176,0.5823146607953121,0.6753279725594447,0.5557133542613992,0.9556801719568163,0.2424098307559419,0.9680417507171117,0.8006468427296989,0.8343546522138626,1.0,0.7754563989273542,0.8282955462597539,0.6369357549578368,1.0,0.9846758488263517,0.5068983089264019,0.6401408414412944,0.7993872040947408,0.23057240301106469,0.5758761564009788,0.888954133220468
0.3579385126379576,0.38478537221332515,0.37108808300731666,1.8835517853769734,0.0,0.26343829214602743,1.277863161928256,1.4142135623730951,0.0,0.0,2.023747391484303,1.094169300446003,0.9463972097630448,1.2018797376341623,0.0,0.0,0.991495736625363,0.0,0.9975751980302052,0.0,0.0,0.0,0.0,1.3907523057409268,0.4048273428837574,1.1052730736458563,0.0,0.0,0.0,0.0,0.6176311772097576,1.361601774091221,1.2420314746572012,1.6114315861853679,1.2368567075855172,1.9719050464229486,1.5571707621050435,1.6151917729035075,0.0,1.574242667031512,0.0,0.9884154983727609,1.5175433681304062,1.7629560186442195,1.8440332771991066,1.8483515835760465,1.3815453511230662,2.219659141713142,2.0349365920872207,1.6520567842730087,0.0,1.5034438136416521,0.8809718258954358,1.0,0.07467404427549186,0.9243977421791467,1.294143207891612,1.6265929178011365,1.2815294020467092,1.3616565272370948,1.8234716227198164,1.2766856955695707,1.52509385567687,0.7806161310776611,0.9884154983727609,0.7903764929351138,1.3202920491800754,1.5441513335458006,1.3469886719961806,1.508653274127416,0.6687093044277252,0.0,0.5509127978547084,2.8451382564186427,1.4341215072295483,0.0,2.405858972848741,1.5977767346213274,1.7154638758571148,1.0063293014876977,2.8992347662268108,0.7311245767043498,0.777908266440936
57.694416450357544,141.07821572720368,73.13117198206217,61.197231247302945,54.154149956993635,53.94497405019802,46.218038883837956,74.97542295049864,61.37015657480065,59.43535225084674,46.49374154984383,155.19654107505207,125.9185501819591,46.28473832559758,33.20094492792934,43.40421071569899,39.709504822988826,58.36386142779252,104.43602613506408,58.95644384806188,99.65772633870505,120.56309374967184,150.23398594526228,98.24235420978,47.69177787557661,54.859663807948486,62.58502667375818,78.44987557918463,68.62140552142151,60.457767585415205,90.72030598307825,73.94830743862329,54.695624790235506,111.98343082348241,251.25075663680803,208.31041996337513,105.96861604885596,50.7354314287664,42.38261363825311,77.28973092114575,85.49969443398234,67.81219168311856,33.52725191653496,79.107919294502,53.85105439177209,85.0002362611096,61.17360982907922,56.5325700042845,20.967297934645874,53.537712981886834,73.45017525029998,49.61651843412982,46.08172003041835,94.89404122016396,72.78576944516632,32.40231923331805,46.379294796289585,40.99195125429794,38.677252517303046,83.94386435903435,57.011442740219834,44.368768181964164,57.48542797651466,60.47881807049094,67.81219168311856,81.92299224837421,70.2063871427153,137.66457902195646,58.56983961408137,42.8717631810973,115.1476028628379,63.782705609203305,64.17570988897049,70.06208875159793,100.8736418718147,82.45127798148388,111.36523033430267,67.86094164604175,48.83603977097202,80.46974598582905,86.86868425029834,52.79805477793606,66.1357137112519
