001.png,002.png,003.png,004.png,005.png,006.png,007.png,008.png,009.png,010.png,011.png,012.png,013.png,014.png,015.png,016.png,017.png,018.png,019.png,020.png,021.png,022.png,023.png,024.png,025.png,026.png,027.png,028.png,029.png,030.png,031.png,032.png,033.png,034.png,035.png,036.png,037.png,038.png,039.png,040.png,041.png,042.png,043.png,044.png,045.png,046.png,047.png,048.png,049.png,050.png,051.png,052.png,053.png,054.png,055.png,056.png,057.png,058.png,059.png,060.png,061.png,062.png,063.png,064.png,065.png,066.png,067.png,068.png,069.png,070.png,071.png,072.png,073.png,074.png,075.png,076.png,077.png,078.png,079.png,080.png,081.png,082.png,083.png
84.7373275756836,84.84341430664062,84.57649993896484,92.48444366455078,84.8185806274414,81.73804473876953,91.37246704101562,92.43549346923828,78.96482849121094,78.9799575805664,92.64197540283203,89.61320495605469,95.92469024658203,86.32955932617188,84.9978256225586,84.83063507080078,93.12264251708984,78.99919128417969,90.72526550292969,79.07232666015625,84.68502044677734,84.62450408935547,84.50131225585938,92.28890228271484,91.36666107177734,92.50494384765625,84.73148345947266,84.65099334716797,78.96940612792969,78.98974609375,86.33045196533203,83.9443130493164,87.51568603515625,87.9333267211914,93.52104187011719,85.69712829589844,92.56920623779297,94.6300277709961,85.00083923339844,86.95438385009766,84.60055541992188,93.2975082397461,89.90420532226562,87.87885284423828,84.00173950195312,87.24537658691406,83.27545166015625,87.97647857666016,90.52423858642578,86.76522827148438,84.67103576660156,85.31288146972656,92.0332260131836,92.2581558227539,76.63353729248047,92.59908294677734,92.37260437011719,90.95446014404297,96.10335540771484,86.50901794433594,92.62908935546875,93.31832885742188,92.24752807617188,95.56639099121094,93.2975082397461,92.01107025146484,92.46687316894531,83.81312561035156,92.51097869873047,95.39321899414062,95.91535949707031,78.89097595214844,89.21012115478516,93.6484603881836,90.59249877929688,84.7905502319336,92.31369018554688,88.36437225341797,93.08029174804688,98.41869354248047,83.76261901855469,89.23353576660156,98.40843963623047
50.2cm,109.80000000000001cm,66.60000000000001cm,55.900000000000006cm,47.800000000000004cm,49.0cm,48.900000000000006cm,63.900000000000006cm,48.800000000000004cm,48.6cm,50.2cm,111.60000000000001cm,101.0cm,47.400000000000006cm,37.2cm,39.0cm,33.4cm,49.300000000000004cm,85.10000000000001cm,57.800000000000004cm,69.60000000000001cm,71.60000000000001cm,52.6cm,58.5cm,48.0cm,49.900000000000006cm,47.2cm,48.7cm,56.2cm,50.6cm,73.60000000000001cm,73.4cm,58.6cm,136.3cm,214.0cm,257.6cm,119.7cm,55.0cm,48.1cm,77.2cm,45.900000000000006cm,64.10000000000001cm,38.900000000000006cm,96.5cm,75.4cm,100.5cm,81.30000000000001cm,72.0cm,31.700000000000003cm,62.400000000000006cm,48.0cm,51.900000000000006cm,48.6cm,51.2cm,56.2cm,33.7cm,50.900000000000006cm,44.1cm,49.2cm,70.7cm,62.2cm,52.800000000000004cm,65.60000000000001cm,64.7cm,64.10000000000001cm,87.2cm,63.300000000000004cm,147.4cm,55.400000000000006cm,44.5cm,88.30000000000001cm,42.7cm,50.800000000000004cm,72.3cm,99.0cm,72.4cm,71.3cm,65.8cm,60.900000000000006cm,60.5cm,111.5cm,53.800000000000004cm,51.7cm
1831.0cm^2,4999.0cm^2,2429.0cm^2,2017.0cm^2,1741.0cm^2,1731.0cm^2,1416.0cm^2,2562.0cm^2,2031.0cm^2,1953.0cm^2,1370.0cm^2,5668.0cm^2,4586.0cm^2,1389.0cm^2,989.0cm^2,1386.0cm^2,1288.0cm^2,1898.0cm^2,3699.0cm^2,1919.0cm^2,3500.0cm^2,4351.0cm^2,5552.0cm^2,3517.0cm^2,1486.0cm^2,1728.0cm^2,2096.0cm^2,2712.0cm^2,2314.0cm^2,1989.0cm^2,3183.0cm^2,2321.0cm^2,1551.0cm^2,3971.0cm^2,9552.0cm^2,7778.0cm^2,3731.0cm^2,1572.0cm^2,1273.0cm^2,2330.9803921568628cm^2,3040.0cm^2,2278.0cm^2,987.0cm^2,2089.0cm^2,1692.0cm^2,2886.0cm^2,1766.0cm^2,1839.0cm^2,540.0cm^2,1612.0cm^2,2514.0cm^2,1541.0cm^2,1416.0cm^2,3438.325490196078cm^2,2481.0cm^2,985.0cm^2,1363.0cm^2,1151.0cm^2,1121.0cm^2,2684.0cm^2,1732.0cm^2,1334.0cm^2,1791.0cm^2,1990.0cm^2,2278.0cm^2,2818.0cm^2,2369.0cm^2,4987.0cm^2,1896.0cm^2,1321.0cm^2,4018.0cm^2,2152.0cm^2,2069.0cm^2,2326.0cm^2,3260.0cm^2,2799.0cm^2,3953.0cm^2,2160.0cm^2,1523.0cm^2,2642.0cm^2,2920.0cm^2,1676.0cm^2,2215.0cm^2
38.19218167287362cm,45.43714464829369cm,31.3555907528802cm,51.09157911568867cm,56.51952829426113cm,34.842591052012466cm,37.54528994990979cm,61.49687487913316cm,57.87344729549067cm,53.88684519607621cm,43.72922228281849cm,45.75662235057058cm,62.667192527680044cm,20.10065766907541cm,41.282864079033345cm,45.05653567486923cm,28.446556627882764cm,56.83959103829397cm,32.06172000398116cm,52.792813152786636cm,52.186243792184285cm,50.00856311742847cm,56.77862120569819cm,49.45877605746108cm,36.0319145164636cm,42.897772244185454cm,52.32912884827654cm,53.222449529138935cm,50.681551641610945cm,53.43024382293509cm,27.22338886911407cm,17.31295094867978cm,27.98470287282458cm,34.46169631886025cm,50.715718839433976cm,54.070814922125635cm,41.13594094573773cm,29.781914265778983cm,53.18733813908903cm,34.72929579260445cm,47.5681455411679cm,35.285271868924326cm,19.177012729144636cm,30.859240901260463cm,18.401567288316535cm,32.065013028005914cm,16.412284548107003cm,31.56833557768407cm,17.299338042065862cm,19.3174023011029cm,57.24926413499327cm,18.403608243364236cm,39.2071760954409cm,56.58503808788479cm,28.863576833685784cm,35.891632269566344cm,22.723717359937865cm,26.753879333263995cm,51.40130882354043cm,31.376432038611377cm,53.931562059252215cm,31.57845561056584cm,50.59540117602681cm,39.005922481335595cm,35.285271868924326cm,29.027735409060924cm,56.20253637295113cm,28.671733970930973cm,60.33221938830246cm,36.70146862764738cm,56.587487732899206cm,50.03862865990879cm,41.676187763826675cm,54.29913788634786cm,54.38102885425732cm,52.49965564352887cm,54.543667692349146cm,36.78281460507723cm,22.731641941154688cm,60.069423733486126cm,28.08312586273449cm,30.83310272515666cm,48.736650948204726cm
28.125118565700554cm,32.811687327163746cm,22.869129373588812cm,9.217933990578455cm,56.51952829426113cm,27.577596206008753cm,11.073092663975165cm,20.498958293044385cm,57.87344729549067cm,53.88684519607621cm,6.899167278230225cm,14.218716528744508cm,25.554997284031437cm,5.809126916703387cm,41.282864079033345cm,45.05653567486923cm,11.95559945058933cm,56.83959103829397cm,11.260344677421536cm,52.792813152786636cm,52.186243792184285cm,50.00856311742847cm,56.77862120569819cm,16.67115875122877cm,25.648642659886686cm,16.886193309888778cm,52.32912884827654cm,53.222449529138935cm,50.681551641610945cm,53.43024382293509cm,16.957917564301237cm,4.3642913280527145cm,6.911733962237057cm,6.010637175648876cm,16.186087162177994cm,6.211661730766543cm,9.497063917218016cm,6.236781870688906cm,53.18733813908903cm,6.3314674117507685cm,47.5681455411679cm,13.062272444896543cm,4.0112251013992495cm,3.1284084719331515cm,2.3432919348430583cm,4.314683442374394cm,3.1317709019012057cm,3.162519607326933cm,1.8693781027964473cm,3.3359542115577656cm,57.24926413499327cm,4.347421676346301cm,18.230259803570327cm,28.292519043942395cm,26.85798264825928cm,18.650838900342624cm,6.520673606791132cm,4.773540059486165cm,18.284863414284924cm,8.652070016546675cm,9.880234959395175cm,8.48841830086899cm,11.598924859331236cm,16.746067507583525cm,13.062272444896543cm,13.058771750969436cm,19.60297947023875cm,5.37626972874066cm,20.774661610620687cm,9.167954376118841cm,33.91093198962271cm,50.03862865990879cm,26.872038080719324cm,5.0427130501296125cm,12.197020417334414cm,52.49965564352887cm,7.913215843331367cm,7.256448474444969cm,3.945597327886258cm,25.048113282186456cm,1.6684579301781104cm,17.84706797485336cm,27.412354095055225cm
1.3020833333333334e-05,1.3020833333333334e-05,1.3020833333333334e-05,4.557291666666667e-05,6.510416666666667e-06,1.3020833333333334e-05,3.255208333333333e-05,1.953125e-05,6.510416666666667e-06,6.510416666666667e-06,5.208333333333334e-05,3.90625e-05,2.604166666666667e-05,5.859375e-05,6.510416666666667e-06,6.510416666666667e-06,1.953125e-05,6.510416666666667e-06,3.90625e-05,6.510416666666667e-06,6.510416666666667e-06,6.510416666666667e-06,6.510416666666667e-06,1.953125e-05,1.3020833333333334e-05,1.953125e-05,6.510416666666667e-06,6.510416666666667e-06,6.510416666666667e-06,6.510416666666667e-06,1.953125e-05,0.00010416666666666667,5.859375e-05,7.8125e-05,2.604166666666667e-05,0.00020833333333333335,5.208333333333334e-05,5.859375e-05,6.510416666666667e-06,8.463541666666667e-05,6.510416666666667e-06,2.604166666666667e-05,6.510416666666667e-05,0.00022786458333333334,0.00021484375,0.00011067708333333333,0.00017578125,0.00013671875,0.00012369791666666668,0.00012369791666666668,6.510416666666667e-06,8.463541666666667e-05,1.953125e-05,1.3020833333333334e-05,1.3020833333333334e-05,1.3020833333333334e-05,5.859375e-05,7.161458333333333e-05,1.953125e-05,5.859375e-05,4.557291666666667e-05,4.557291666666667e-05,3.90625e-05,2.604166666666667e-05,2.604166666666667e-05,2.604166666666667e-05,1.953125e-05,0.00014322916666666667,1.953125e-05,3.255208333333333e-05,1.3020833333333334e-05,6.510416666666667e-06,1.3020833333333334e-05,8.463541666666667e-05,4.557291666666667e-05,6.510416666666667e-06,4.557291666666667e-05,6.510416666666667e-05,5.859375e-05,1.953125e-05,0.0004752604166666667,1.953125e-05,1.3020833333333334e-05
69.45691906005223,68.0199999999999,30.37665782493376,134.58156028368805,165.62500000000003,120.98701298701299,78.06994818652834,125.52547770700635,114.44488188976379,73.27147766323029,73.78281622911685,112.98318240620942,95.62079062957521,93.75000000000007,82.9285714285715,85.82456140350868,1.5421303656597727,35.13333333333335,39.968713789107845,28.587136929460723,46.391764705882366,79.08260869565214,67.39830508474572,64.60490463215254,44.319767441860414,102.60411899313505,82.27083333333327,126.43661971830984,97.84139264990341,133.743661971831,87.91098484848445,33.17121046892042,42.88235294117647,81.4725884802221,116.70239234449761,96.49315714959876,27.884201077199332,55.0000000000001,57.342205323193944,77.50912408759125,120.2642857142857,30.736969696969734,44.311728395061685,31.887622149837107,26.47885402455662,56.957035445757384,37.019021739130466,65.85436893203895,18.82142857142857,60.32474226804131,154.8235294117647,91.64107883817447,19.333333333333304,194.54918032786887,118.92349726775957,34.99528301886794,1.9329073482428072,38.86956521739123,114.01257861635223,63.85251798561175,23.930303030302994,60.137711864406775,27.088657105606284,30.94967532467533,30.736969696969734,55.27281191806352,186.75909090909087,114.89643036701999,15.10681818181817,113.94444444444441,63.330300272975414,2.9251592356687985,61.56213017751486,25.540229885057457,102.10500000000003,26.466965285554334,107.26905417814524,28.229268292682963,17.519855595667938,44.042735042735124,30.008301886792477,29.398963730569868,22.788571428571416
0.9461036649774385,1.1602163242702501,1.0274832260673523,0.9801121187295387,0.9239303348395475,0.9272068249792429,0.9160297250211292,1.0172395011325899,0.9426558379474403,0.9275924879391751,0.9022321591702012,1.1344764486735284,1.1073759780135908,0.8911385495621761,0.8238726306951418,0.8644804758733429,0.8056665592144877,0.9201888872617495,1.0903984042949544,0.9509650217447131,1.04167170824024,1.0252784582876266,1.003632905734403,1.0125543176688203,0.8754724495906737,0.8991801686873865,0.9410321076191556,0.9434789236457178,0.9708029917107327,0.9473539475099177,1.0465350541959038,1.0197740598543998,0.9114050427227942,1.1757737162537367,1.3084366018662061,1.3343163008774457,1.1253862599283413,0.9036516806834674,0.9017986364755081,1.0077168085746007,0.9621171381284862,0.972873449422178,0.8282736055912422,1.0426546698455597,1.0326143281531555,1.0815257903136137,1.0153803679230726,0.985514605111991,0.7335198605543505,0.9853755358163234,0.9335095778948036,0.9328048422182484,0.8556323092559228,0.9560946856751451,0.9684924727098873,0.7846363207240645,0.9097641871165801,0.8322475344817158,0.8366662169458977,1.029967495080184,0.9742948464342778,0.9260291860510026,0.9630224336177124,0.9857178389929354,0.972873449422178,1.0588787377935922,0.9974873595422111,1.2051671245051965,0.9519436747174567,0.8977675988205984,1.0987230386850568,0.942124949773401,0.9703709967696023,1.016893419871368,1.083853671014763,1.0247670692461874,1.0706867854033928,0.9828750517412754,0.9657331095889359,0.9946989077079348,1.121239288237877,0.940376738582039,0.9325264903918145
2.700132257153429cm,8.008779332274345cm,12.478945383756068cm,1.8056755507372693cm,1.7928367167591484cm,1.1740174299522799cm,1.397034203526403cm,4.654475139134031cm,2.799517610658332cm,2.4082153690293957cm,0.9597909989033051cm,2.2695941518948035cm,2.247243663385813cm,0.5861453875168173cm,0.8587160798753115cm,3.519369145010684cm,0.9444326466628987cm,5.588650484413112cm,2.1274521636121206cm,5.781154339913588cm,20.316824476739136cm,22.20466885448012cm,13.612470414153968cm,5.377710276561085cm,2.9954108506592263cm,1.6295575235435267cm,2.998967594765779cm,3.8348962920193417cm,6.2659557897081495cm,3.9778816478587427cm,8.695975442523723cm,1.0429766519254784cm,0.641189217275977cm,2.167868764087683cm,6.449575335149404cm,0.9856275815614114cm,2.514864152284245cm,0.6671959703538983cm,1.3485952126846998cm,0.7210534784531681cm,2.8889656907785675cm,4.465994216046639cm,0.37648551004153347cm,0.3372131285790595cm,0.2957632271356455cm,1.2295325541691868cm,0.5226561945666488cm,0.5327476047094281cm,0.18301890544859775cm,0.6243670032113395cm,2.9040490117861526cm,0.8307597035319718cm,0.5780693601431927cm,1.032785048418071cm,2.3460735779711093cm,1.1570077836831498cm,1.113628742298247cm,0.44899283930638356cm,1.2922913057733154cm,1.4916564466450986cm,1.8673446930779545cm,1.3057446756008886cm,1.2490108145101808cm,2.515438254831197cm,4.465994216046639cm,5.884054903552715cm,1.3226807658917439cm,1.4085142857170156cm,1.1455483588836801cm,1.1343205644784238cm,8.150384240823755cm,4.355274350622259cm,2.64392190079238cm,1.3043340157816525cm,3.1393320699952767cm,19.98304177126498cm,4.465093848304681cm,1.192349198277246cm,2.208970399846656cm,1.9493466287689392cm,0.21979936632674202cm,2.8155196662278117cm,4.549804974255328cm
6.0cm,18.5cm,29.700000000000003cm,12.100000000000001cm,2.2cm,2.9000000000000004cm,6.0cm,12.600000000000001cm,3.3000000000000003cm,4.0cm,6.0cm,11.600000000000001cm,12.200000000000001cm,1.4000000000000001cm,1.6cm,3.8000000000000003cm,25.1cm,12.0cm,16.7cm,13.0cm,27.6cm,23.700000000000003cm,19.400000000000002cm,23.200000000000003cm,4.5cm,4.6000000000000005cm,4.800000000000001cm,4.9cm,10.4cm,4.6000000000000005cm,28.5cm,13.5cm,3.2cm,21.6cm,24.3cm,11.600000000000001cm,24.900000000000002cm,5.6000000000000005cm,3.3000000000000003cm,3.6cm,3.7cm,25.900000000000002cm,5.1000000000000005cm,3.9000000000000004cm,3.5cm,13.700000000000001cm,9.200000000000001cm,7.300000000000001cm,2.8000000000000003cm,5.2cm,3.3000000000000003cm,5.300000000000001cm,4.2cm,2.8000000000000003cm,3.0cm,4.5cm,13.600000000000001cm,3.8000000000000003cm,3.8000000000000003cm,25.3cm,14.200000000000001cm,9.600000000000001cm,15.8cm,8.0cm,25.900000000000002cm,32.0cm,3.8000000000000003cm,17.6cm,15.3cm,3.9000000000000004cm,25.3cm,31.5cm,10.200000000000001cm,22.1cm,25.5cm,31.5cm,29.8cm,11.100000000000001cm,25.400000000000002cm,9.600000000000001cm,10.9cm,6.800000000000001cm,15.5cm
4.2cm,10.350000000000001cm,15.8cm,2.6142857142857143cm,2.2cm,2.6500000000000004cm,2.3600000000000003cm,4.266666666666667cm,3.3000000000000003cm,4.0cm,1.3625cm,3.1833333333333336cm,5.050000000000001cm,0.7666666666666667cm,1.6cm,3.8000000000000003cm,10.600000000000001cm,12.0cm,5.25cm,13.0cm,27.6cm,23.700000000000003cm,19.400000000000002cm,7.933333333333334cm,4.2cm,2.7333333333333334cm,4.800000000000001cm,4.9cm,10.4cm,4.6000000000000005cm,14.666666666666666cm,2.4312500000000004cm,1.0444444444444445cm,3.45cm,8.425cm,1.671875cm,4.525cm,1.4555555555555557cm,3.3000000000000003cm,0.9076923076923077cm,3.7cm,8.75cm,0.87cm,0.7200000000000001cm,0.8060606060606061cm,1.6529411764705886cm,1.151851851851852cm,1.1238095238095238cm,0.37368421052631584cm,1.1157894736842104cm,3.3000000000000003cm,1.3692307692307693cm,1.9333333333333333cm,1.4500000000000002cm,2.5500000000000003cm,2.5500000000000003cm,3.466666666666667cm,1.0363636363636364cm,1.4333333333333336cm,5.755555555555556cm,3.871428571428572cm,2.9571428571428573cm,5.233333333333334cm,4.275cm,8.75cm,9.175cm,1.7000000000000002cm,3.4136363636363636cm,5.433333333333334cm,1.34cm,17.1cm,31.5cm,6.75cm,2.0153846153846153cm,7.4cm,31.5cm,4.414285714285715cm,3.25cm,3.9444444444444446cm,6.633333333333333cm,0.8465753424657534cm,4.2cm,10.3cm
26.082644544928982,47.268725076751366,32.46216694939119,8.300887712299172,46.10385368138153,24.221006434957403,11.132978593959027,19.716968306244876,43.78003806463948,44.984820685436105,7.057898715899464,13.647792775724463,21.16092138154684,5.557636125270758,41.10737980120232,39.62235954869507,10.289974161981993,45.97815910921735,13.312355644826264,63.222661388629156,57.64780599715091,44.632155606888084,23.0122323510526,13.674065924540182,25.900769288188055,16.73534481821557,41.1712721009476,34.13372990429612,52.1244904438635,50.65294383189476,21.397832116849482,4.948074963868805,7.209966597964865,11.731367664788998,41.17563867345764,8.116243529040856,14.481637080316448,6.276443359503093,56.71473557715992,6.24045571615717,29.825716201602923,16.22292189741708,4.199539770522796,3.000968454339524,2.5111131150348887,6.129405546150797,3.4081461083217928,3.676166729285282,1.804759423921625,3.7361372891271527,36.921539438636955,4.191124355931038,16.352193828688282,13.683861241701955,21.968645537842605,18.535804101181977,6.649053324414612,4.695995571605713,18.50172536491226,8.22967735274582,9.448236548750714,8.492844103301048,12.32383802029364,18.31172799936624,16.22292189741708,21.44751132033165,18.6359522495473,6.843344470099927,18.569776575485104,9.570214882458986,35.49674523697171,39.69544650058614,22.994393207495456,5.854457127473209,15.13786766640265,75.52271742437978,8.08706555809884,7.313079426081083,7.2780983602612475,19.195057590715763,1.4733844767870368,18.982976653009448,22.827554220780005
0.021325196342343755,-1.4911981061215402,-0.016490923601152674,-0.32478089460310944,1.566593924917467,-0.04780284400855728,-0.24492270832430774,-0.033059630466860224,-1.5367497468055729,-1.5237297677867738,-0.3084302062229359,0.07628837775353854,1.3199557658085344,-0.32180069946948664,1.5547599930363316,1.5159116369384706,0.04206200684537986,-1.2794621622978333,0.34985003230874073,-1.2644103214364681,1.1066420030704416,1.341925345201114,1.3006605270443432,-0.6215053049395008,1.449828921823002,-0.4385593943335679,1.5096428410471856,1.5413837003284663,-1.5509664650781971,-1.5592934898016435,-0.004108828829615089,-0.07488969017417149,-0.10249258911581036,-0.31836023248017026,0.10169740348395662,0.1253882764791887,0.41937030135529973,0.7036189644738652,1.5186028946461403,-0.0872226647968517,1.5442020307108197,0.22542502725326097,0.19823693791745373,0.3561856096309976,-0.49555212497374224,-0.055871802367801836,-0.24410387518730103,-0.2805978591334838,0.2187242423782656,0.1782019176229573,1.5637914010437193,-0.37555022700950513,-0.46602448467483804,-1.1751855046635113,-1.534180896025374,-1.3241321455396458,0.995226756462345,0.26694437652206554,0.3869266731254255,-0.3481600301961503,-0.5734155617111829,0.521370073551702,-0.016704529822020902,1.2415412095138827,0.22542502725326097,0.31800922700524864,-1.2021682510212166,-0.032180249875288024,-0.17891808707394988,0.3182967950830561,0.6014385779939786,-0.7808962715179213,0.0010638752792778705,0.0983610815815139,-0.4047023736332978,1.2045116752663432,-0.12304488183139421,-0.2719723959939813,0.2483494106558704,0.86278117576706,-0.13901619664445292,-1.1500726892265765,0.866550353662914
51497.09209379771cm^3,164025.62494849158cm^3,55549.115248447226cm^3,18592.572858996744cm^3,98400.49876030862cm^3,47736.81903260115cm^3,15679.499212188834cm^3,52518.33114677972cm^3,117540.97145714155cm^3,105241.00866793684cm^3,9451.859171175409cm^3,80591.68528492388cm^3,117195.21754456818cm^3,8068.877287301004cm^3,40828.752574163984cm^3,62448.35844536876cm^3,15398.812092359056cm^3,107881.54379068194cm^3,41652.01496178226cm^3,101309.40844019754cm^3,182651.853272645cm^3,217587.2581239313cm^3,315234.9049340363cm^3,58632.46532807159cm^3,38113.882992591614cm^3,29179.34203948781cm^3,109681.85406598763cm^3,144339.2831230248cm^3,117277.11049868772cm^3,106272.75496381789cm^3,53977.05160717083cm^3,10129.52017241035cm^3,10720.099375429676cm^3,23868.240224501686cm^3,154609.5045731242cm^3,48314.30494190217cm^3,35433.54547514042cm^3,9804.221100722962cm^3,67707.48145106033cm^3,14758.526390371202cm^3,144607.1624451504cm^3,29755.85662947432cm^3,3959.079175081059cm^3,6535.245297868354cm^3,3964.8499537544553cm^3,12452.1764146925cm^3,5530.707412757529cm^3,5815.87355787423cm^3,1009.4641755100816cm^3,5377.558189031119cm^3,143924.65003537308cm^3,6699.376803249651cm^3,25814.047881855582cm^3,97278.88941064512cm^3,66634.65495033129cm^3,18371.076316837483cm^3,8887.678126056313cm^3,5494.344608468577cm^3,20497.331887413402cm^3,23222.155924411276cm^3,17112.56694967244cm^3,11323.550013359232cm^3,20773.674423062243cm^3,33324.67434009122cm^3,29755.85662947432cm^3,36799.61879423187cm^3,46439.4583649956cm^3,26811.457137229667cm^3,39388.758413736825cm^3,12110.867730852988cm^3,136254.12473430403cm^3,107683.1288761237cm^3,55598.24678900829cm^3,11729.350554601479cm^3,39762.28656051019cm^3,146946.5361462373cm^3,31280.942228688895cm^3,15673.928704801132cm^3,6009.144730370772cm^3,66177.11529153661cm^3,4871.897156120082cm^3,29911.68592585423cm^3,60718.36432054732cm^3
27.42%,21.96%,27.42%,27.71%,27.46%,28.31%,34.53%,24.94%,24.03%,24.88%,36.64%,19.69%,22.02%,34.13%,37.61%,28.14%,25.93%,25.97%,23.01%,30.12%,19.89%,16.46%,9.47%,16.63%,32.30%,28.88%,22.52%,17.96%,24.29%,25.44%,23.12%,31.62%,37.78%,34.32%,22.40%,33.12%,32.08%,34.99%,37.78%,33.12%,15.10%,28.14%,39.41%,46.19%,44.56%,34.82%,46.04%,39.15%,58.70%,38.71%,19.09%,33.68%,34.32%,14.89%,22.65%,34.21%,37.34%,38.31%,43.89%,26.34%,35.91%,39.58%,36.63%,32.51%,28.14%,30.94%,26.72%,29.56%,29.22%,33.69%,21.98%,19.84%,24.55%,31.08%,30.37%,25.87%,18.04%,30.46%,39.99%,22.90%,38.18%,32.10%,23.34%
35.79%,38.48%,37.11%,454.26%,0.00%,26.34%,239.07%,200.00%,0.00%,0.00%,533.83%,221.81%,145.22%,246.02%,0.00%,0.00%,137.94%,0.00%,184.73%,0.00%,0.00%,0.00%,0.00%,196.67%,40.48%,154.04%,0.00%,0.00%,0.00%,0.00%,60.53%,296.70%,304.89%,473.35%,213.33%,770.47%,333.14%,377.52%,0.00%,448.52%,0.00%,170.13%,378.08%,886.42%,685.29%,643.16%,424.06%,898.20%,825.41%,479.07%,0.00%,323.32%,115.07%,100.00%,7.47%,92.44%,248.49%,460.46%,181.11%,262.65%,445.85%,272.02%,336.21%,132.93%,170.13%,122.29%,186.70%,433.30%,190.41%,300.32%,66.87%,0.00%,55.09%,976.78%,345.86%,0.00%,589.27%,406.90%,476.13%,139.82%,1583.18%,72.76%,77.79%
35.79%,38.48%,37.11%,188.36%,0.00%,26.34%,127.79%,141.42%,0.00%,0.00%,202.37%,109.42%,94.64%,120.19%,0.00%,0.00%,99.15%,0.00%,99.76%,0.00%,0.00%,0.00%,0.00%,139.08%,40.48%,110.53%,0.00%,0.00%,0.00%,0.00%,61.76%,136.16%,124.20%,161.14%,123.69%,197.19%,155.72%,161.52%,0.00%,157.42%,0.00%,98.84%,151.75%,176.30%,184.40%,184.84%,138.15%,221.97%,203.49%,165.21%,0.00%,150.34%,88.10%,100.00%,7.47%,92.44%,129.41%,162.66%,128.15%,136.17%,182.35%,127.67%,152.51%,78.06%,98.84%,79.04%,132.03%,154.42%,134.70%,150.87%,66.87%,0.00%,55.09%,284.51%,143.41%,0.00%,240.59%,159.78%,171.55%,100.63%,289.92%,73.11%,77.79%
68.7230258987105,-0.02886068679440208,-85.65923901761356,-3.8006652508884513,0.0,-30.96944130619702,-4.865131494878227,-32.183280385812594,-0.0,-0.0,-3.947612132893894,17.06638307133403,0.20785135477028718,-3.918555244073515,0.0,0.0,4.585267421518445,-0.0,2.833911826554823,-0.0,0.0,0.0,0.0,-0.9859596994351872,0.03524969151059506,-2.399496310802377,0.0,0.0,-0.0,-0.0,-153.7642166863661,-13.268861551742216,-13.323497225524177,-2.7319913968624503,9.920168934138237,8.52616001981039,2.0979919777194698,1.448811973889807,0.0,-14.645166246334897,0.0,4.517219505514393,6.352316900797501,3.692342169842638,-1.5988471569364588,-17.92691811375831,-4.725467861062777,-3.118273671265807,6.16401205984804,6.497437802621715,0.0,-2.772875869634458,-3.0906443167881563,-0.33168154280261486,-0.01598227430403386,-0.09231959907986517,0.3174514548720925,4.184362574703667,3.5702515141789664,-2.1006461251387716,-0.6635522653132185,1.9535593255092198,-39.54642621916525,0.17273715997263578,4.517219505514393,3.9348019739356723,-0.387025503918067,-24.597831317917255,-5.854721846704171,3.85993656457562,1.378894867929236,-0.0,1168.83196837793,10.439369483285077,-1.3556024956650186,0.0,-7.0641276385618745,-2.8845520419224906,3.3671336216326835,0.49154295627762196,-6.192370315034555,-0.22466516436955541,0.45229761872334556
67.90%,69.24%,68.55%,79.18%,100.00%,63.17%,67.81%,100.00%,100.00%,100.00%,79.23%,53.63%,61.31%,38.45%,100.00%,100.00%,79.31%,100.00%,47.46%,100.00%,100.00%,100.00%,100.00%,98.89%,70.24%,84.68%,100.00%,100.00%,100.00%,100.00%,53.51%,24.79%,44.99%,47.78%,78.33%,27.20%,54.14%,53.06%,100.00%,42.19%,100.00%,67.53%,47.81%,28.18%,23.80%,43.72%,19.41%,47.53%,48.71%,30.48%,100.00%,32.56%,71.69%,100.00%,53.73%,96.22%,38.72%,50.95%,93.70%,40.29%,77.98%,53.15%,72.70%,58.23%,67.53%,55.57%,95.57%,24.24%,96.80%,80.06%,83.44%,100.00%,77.55%,82.83%,63.69%,100.00%,98.47%,50.69%,64.01%,79.94%,23.06%,57.59%,88.90%
35.79%,38.48%,37.11%,188.36%,0.00%,26.34%,127.79%,141.42%,0.00%,0.00%,202.37%,109.42%,94.64%,120.19%,0.00%,0.00%,99.15%,0.00%,99.76%,0.00%,0.00%,0.00%,0.00%,139.08%,40.48%,110.53%,0.00%,0.00%,0.00%,0.00%,61.76%,136.16%,124.20%,161.14%,123.69%,197.19%,155.72%,161.52%,0.00%,157.42%,0.00%,98.84%,151.75%,176.30%,184.40%,184.84%,138.15%,221.97%,203.49%,165.21%,0.00%,150.34%,88.10%,100.00%,7.47%,92.44%,129.41%,162.66%,128.15%,136.17%,182.35%,127.67%,152.51%,78.06%,98.84%,79.04%,132.03%,154.42%,134.70%,150.87%,66.87%,0.00%,55.09%,284.51%,143.41%,0.00%,240.59%,159.78%,171.55%,100.63%,289.92%,73.11%,77.79%
57.694416450357544,141.07821572720368,73.13117198206217,61.197231247302945,54.154149956993635,53.94497405019802,46.218038883837956,74.97542295049864,61.37015657480065,59.43535225084674,46.49374154984383,155.19654107505207,125.9185501819591,46.28473832559758,33.20094492792934,43.40421071569899,39.709504822988826,58.36386142779252,104.43602613506408,58.95644384806188,99.65772633870505,120.56309374967184,150.23398594526228,98.24235420978,47.69177787557661,54.859663807948486,62.58502667375818,78.44987557918463,68.62140552142151,60.457767585415205,90.72030598307825,73.94830743862329,54.695624790235506,111.98343082348241,251.25075663680803,208.31041996337513,105.96861604885596,50.7354314287664,42.38261363825311,77.28973092114575,85.49969443398234,67.81219168311856,33.52725191653496,79.107919294502,53.85105439177209,85.0002362611096,61.17360982907922,56.5325700042845,20.967297934645874,53.537712981886834,73.45017525029998,49.61651843412982,46.08172003041835,94.89404122016396,72.78576944516632,32.40231923331805,46.379294796289585,40.99195125429794,38.677252517303046,83.94386435903435,57.011442740219834,44.368768181964164,57.48542797651466,60.47881807049094,67.81219168311856,81.92299224837421,70.2063871427153,137.66457902195646,58.56983961408137,42.8717631810973,115.1476028628379,63.782705609203305,64.17570988897049,70.06208875159793,100.8736418718147,82.45127798148388,111.36523033430267,67.86094164604175,48.83603977097202,80.46974598582905,86.86868425029834,52.79805477793606,66.1357137112519
